날짜,캠페인,노출,클릭,CTR,평균CPC,비용,전환,전환값,CPA,ROAS,GA4 거래수,GA4 매출,기준선 대비
2026-09-22,브랜드 방어,2,0,0.00%,,0,0,0,,,14,1553220,+4.6%
2026-09-22,붓기,667,9,1.35%,1754,15785,0,0,,0.00,,,
2026-09-22,칼륨,10,0,0.00%,,0,0,0,,,,,
2026-09-23,브랜드 방어,7,1,14.29%,889,889,0,0,,0.00,8,825800,-44.4%
2026-09-23,붓기,1185,19,1.60%,1481,28140,0,0,,0.00,,,
2026-09-23,칼륨,77,1,1.30%,1379,1379,0,0,,0.00,,,
2026-09-24,브랜드 방어,1,0,0.00%,,0,0,0,,,14,1321242,-11.1%
2026-09-24,붓기,913,17,1.86%,1305,22180,1,38400,22180,1.73,,,
2026-09-24,칼륨,230,57,24.78%,293,16720,0,0,,0.00,,,
2026-09-25,브랜드 방어,18,2,11.11%,389,778,0,0,,0.00,6,828100,-44.3%
2026-09-25,붓기,827,150,18.14%,125,18823,0,0,,0.00,,,
2026-09-25,칼륨,463,193,41.68%,103,19848,0,0,,0.00,,,
2026-09-26,브랜드 방어,10,3,30.00%,1161,3483,0,0,,0.00,11,907340,-38.9%
2026-09-26,붓기,598,45,7.53%,411,18505,0,0,,0.00,,,
2026-09-26,칼륨,326,112,34.36%,118,13216,0,0,,0.00,,,
2026-09-27,브랜드 방어,17,3,17.65%,191,572,0,0,,0.00,20,2194760,+47.7%
2026-09-27,붓기,760,30,3.95%,676,20288,0,0,,0.00,,,
2026-09-27,칼륨,193,30,15.54%,359,10765,0,0,,0.00,,,
2026-09-28,브랜드 방어,16,1,6.25%,9,9,0,0,,0.00,10,585590,-60.6%
2026-09-28,붓기,576,24,4.17%,771,18506,0,0,,0.00,,,
2026-09-28,칼륨,260,27,10.38%,353,9531,0,0,,0.00,,,

누적,,7156,724,10.12%,303,219417,1,38400,219417,0.18,,,

광고 전 기준선,"일 거래 15.8건 / 일 매출 1,485,612원 (GA4 09-09~09-20 평균)"
갱신,매일 09:30 KST 자동. 이 시트는 GitHub 의 CSV 를 IMPORTDATA 로 당겨옵니다.
